fid,neighbourhood,Number of households,Population size,Average household size,sex ratio,population 0-14 yrs old (%),population 15-64 yrs old (%),population 65+ yrs old (%),curaçaoan-born population (%),foreign-born population (%),first generation migrants (%),second generation migrants (%),population with native background (%),population with intention to leave (%),population with intention to stay (%),income_ang,general fertility rate (children per women 15-49),Unemployment rate (%),Participation rate (%),hindrance of air pollution (%),living accommodations in bad condition (%),never married population (%),married population (%),divorced population (%),population living in consensual union (%),neighbourhood area (km²),x,y
1,PARADIJS BIJ HEL,23,59,2.6,,,,,,,,,,,,,,,,17.4,,32.7,46.9,8.2,4.1,,,
2,PARASASA,78,171,2.2,82,16.4,65.5,18.1,52,48,48,17.5,34.5,9.9,66.7,8522,,,,70.5,5.1,23.2,46.5,4.9,12.7,,,
3,PARERA,22,56,2.5,,,,,,,,,,,,,,,,22.7,4.5,25.5,51.1,8.5,4.3,,,
4,PIETERMAAI,44,99,1.8,,,,,,,,,,,,,,,,11.9,11.4,34.1,35.2,2.3,5.7,,,
5,PISCADERA BERDE,72,346,2.7,92,13,49.4,37.6,67.5,32.5,35,15.8,49.2,4.5,82.3,8593,,0.9,71.8,59.7,,36.2,36.5,14,7.8,,,
6,PLANTERSRUST,50,135,2.7,73,17.8,65.2,17,65.9,34.1,34.1,16.3,49.6,0.8,78.5,6375,,,,66,6,39.4,33.9,8.3,11,,,
7,POPO,136,358,2.6,86,22.6,70.1,7.3,64,36,36,20.4,43.6,4.3,64.7,5033,,10.2,74.4,6.6,4.5,26.5,46.3,3.7,12.3,,,
8,POS CABAI,61,138,2.3,70,22.5,52.9,24.6,53.6,46.4,46.4,23.9,29.7,12.4,58.7,10351,,,,4.9,1.6,20.4,55.3,9.7,2.9,,,
9,PRETU BIJ DE SAVAAN,18,44,2.4,,,,,,,,,,,,,,,,50,,38.9,36.1,8.3,11.1,,,
10,ABRAHAMSZ,220,573,2.5,85,16.2,65.1,18.7,71.3,28.7,28.7,22.2,49,2.3,59,7556,33,4.4,60.3,3.3,0.8,28.8,43.4,7.3,10,,,
11,SUFFISANT,684,1838,2.7,81,17.5,63.1,19.4,70.7,29.3,29.4,26.3,44.3,3,60.3,4180,61,8.5,55.9,8.7,3.4,38.6,34.1,9.6,8.4,,,
12,MARIA MAAI,245,676,2.5,78,19.5,61.2,19.2,76.8,23.2,23.2,19.2,57.6,3.2,66.9,4637,67,9,58.8,4.5,4.5,42.6,34.2,7.9,7.1,,,
13,RANCHO,27,57,2.1,,,,,,,,,,,,,,,,14.8,12,42.2,11.1,6.7,31.1,,,
14,AMSTERDAM BIJ STA. ROSA,136,383,2.8,82,21.4,72.1,6.5,82.5,17.5,17.7,18.5,63.9,4.1,65.9,7081,78,7.1,65.4,8.8,2.2,36.4,42.4,3.4,11.8,,,
15,SERU OTROBANDA,121,385,2.2,78,10.9,63.6,25.5,66.8,33.2,33.8,16.6,49.6,1.6,67.8,3127,,9.2,61.6,26.4,18.1,47.1,25,12.4,7.6,,,
16,ARRARATWIJK,11,19,1.7,,,,,,,,,,,,,,,,9.1,18.2,,,,,,,
17,RONDE KLIP,167,441,2.6,89,20.6,69.4,10,77.7,22.3,22.3,13.7,64,0.7,58.6,4329,34,8.3,62,26.5,4.2,38.3,37.1,4.1,12.3,,,
18,BAAI MACOLA,34,74,2.2,,,,,,,,,,,,,,,,14.7,14.7,34.8,42.4,4.5,1.5,,,
19,WACAO (geozone),40,107,2.7,98,18.7,66.4,15,84.1,15.9,15.9,7.5,76.6,0,82.1,4695,,,,,,44.7,32.9,9.4,8.2,,,
20,RONDE KLIP ZUID,140,379,2.7,87,20.3,71,8.7,82.1,17.9,17.9,13.6,68.4,2.5,54.2,4132,47,7.4,62.9,16.4,12.9,41,35.8,5.2,12.8,,,
21,ROOI CATOCHI,113,319,2.8,81,17.6,67.7,14.7,47.3,52.7,52.7,29.2,18.1,7.1,48,13487,,2.7,69.6,5.3,,21.6,58.4,10.2,4.3,,,
22,BARBOUQUET,356,998,2.7,80,15.2,65.8,18.9,80.1,19.9,19.9,18.9,61.2,2.5,73.7,5015,41,8.7,59.6,5.9,6.6,40.4,39.7,7.6,7.3,,,
23,GROOT KWARTIER,510,1530,2.6,79,16,67.6,16.3,72.6,27.4,27.5,21.7,50.7,2.9,60,4630,27,11.2,60.6,10,7.3,46.4,32.7,6.1,7.5,,,
24,BARICA,218,599,2.7,88,17.5,66.6,15.9,80.8,19.2,19.2,14.1,66.7,3.9,66.9,5216,46,8,58.1,9.2,7.8,37.9,36.5,7.5,9.4,,,
25,ROOI SANTU,478,1221,2.6,90,19.9,70,10.1,81.1,18.9,18.9,16.4,64.7,2.2,63.7,4585,33,11.6,64.2,6.7,7.4,42.2,34.9,4.3,11.1,,,
26,ARRARAT,40,98,2.5,,,,,,,,,,,,,,,,15.4,20,42.5,28.8,10,10,,,
27,BUENA VISTA,1455,3892,2.7,81,18.8,64.3,16.9,73.8,26.2,26.2,17.8,56,2.7,67.5,3814,46,13.1,57.6,26.5,11.6,41.5,34.1,7,10.4,,,
28,ROOSENDAAL,184,474,2.6,80,21.3,65.6,13.1,75.2,24.8,24.8,22.2,53,3.1,74.3,3444,66,12.7,63.3,75.6,7.7,41.9,30.6,6.2,11.5,,,
29,BEN HOYER,69,177,2.6,72,14.7,62.7,22.6,72.6,27.4,27.4,28,44.6,0,98.2,4361,,,,4.4,5.9,39,30.1,12.3,11,,,
30,ROZENBURG,30,76,2.5,,,,,,,,,,,,,,,,10.3,3.3,28.8,42.4,6.8,18.6,,,
31,BRIEVENGAT,1343,3729,2.8,74,19.5,61.6,18.9,84.3,15.7,15.7,18.8,65.4,2.7,68.6,3790,33,13.5,52.7,10.6,3.2,45,29.1,7.9,8.1,,,
32,BEURS,97,247,2.5,86,19.8,70,10.1,74.1,25.9,26,18.7,55.3,4.9,60.4,5844,,10.2,69.2,8.2,3.1,33.8,39.5,2.6,11.8,,,
33,BIESHEUVEL,25,65,2.6,,,,,,,,,,,,,,,,4,4,22.9,47.9,12.5,8.3,,,
34,RUST EN VREDE BIJ TUCACAS,51,152,3,97,32.9,65.1,2,72.2,27.8,27.8,29.1,43,23.3,42.5,10467,,,,2,3.9,22.4,51,1,16.3,,,
35,BIJGELEGEN,101,232,2.3,73,19,66.4,14.7,78.4,21.6,21.6,22.4,56,4,72.4,6133,,6.6,64.4,5.9,,37.4,34.6,6.6,11.5,,,
36,SABANA HUNDU,64,196,3.1,83,24.5,65.3,10.2,85.1,14.9,14.9,8.8,76.3,3.1,47.7,3439,,,,15.9,8.2,42.7,24.5,7,11.2,,,
37,BIVAK,169,427,2.5,79,16.6,70.7,12.6,64.6,35.4,35.4,20,44.6,2.4,68.8,4369,9,12.8,63.5,61.2,13.9,42.5,31.3,5.7,14.9,,,
38,SALIÑA ABOU,297,779,2.6,78,17.3,71.9,10.8,68.5,31.5,31.6,25.1,43.3,4.8,64.3,7789,29,3.9,63.2,7.7,1.4,35,44.9,3.9,8.5,,,
39,BLAUW (Curasol),351,1006,2.9,88,21.4,73.3,5.4,69.7,30.3,30.3,19.6,50,9.8,53.9,9221,46,3.4,66.1,54,1.7,34.3,49.4,1.4,9.3,,,
40,SALIÑA ARIBA,69,178,2.6,98,12.9,68.5,18.5,57.9,42.1,42.4,24.9,32.8,1.8,65.1,8236,,,,10.1,4.4,30.9,43.4,7.2,12.5,,,
41,BLEEFAMIA,24,63,2.6,,,,,,,,,,,,,,,,,4.2,34.7,46.9,4.1,2,,,
42,SALSBACH,37,124,3.4,94,23.4,66.9,9.7,83.9,16.1,16.1,19.4,64.5,4,51.6,3895,,,,21.6,10.8,41.1,27.8,4.4,12.2,,,
43,BLOEMFONTEIN,52,125,2.4,95,16.8,68.8,14.4,61,39,39,26.8,34.1,0.8,73.3,5345,,,,11.5,5.8,26.7,49.5,5.9,5,,,
44,BLOMONTE,28,70,2.5,,,,,,,,,,,,,,,,7.4,3.7,39.3,32.8,9.8,11.5,,,
45,SAMI LIBER,90,235,2.6,94,14.9,74.9,10.2,94,6,6,5.5,88.5,0.9,90,3838,,21,59.5,10,7.8,50.3,26.2,3.6,15.4,,,
46,BOCA SAMI,384,1108,2.9,80,18.1,66.2,15.7,88.2,11.8,11.8,7,81.2,3.3,66,4105,42,15.4,52.1,22.9,3.7,46.1,31.5,6.9,9.2,,,
47,SAN DOMINGO BIJ RIO CANARIO,76,185,2.4,73,11.9,68.6,19.5,76,24,24,27.9,48.1,3.5,65.9,5392,,,,6.6,2.7,28.4,46.5,7.7,7.7,,,
48,BONAM,318,915,2.9,80,20.1,67.7,12.2,82.4,17.6,17.6,16,66.4,3.6,67.9,4829,46,9.7,60.5,14.2,10.3,42.4,34.1,7.3,9.3,,,
49,GASPARITU (Rosendaal),3,7,2.3,,,,,,,,,,,,,,,,,,,,,,,,
50,BOTTELIER,392,913,2.3,88,13.6,70.8,15.7,56.8,43.2,43.4,26.9,29.7,5.2,64.4,7467,20,3.8,63.1,11.1,2,28.2,47.4,4.7,11.1,,,
51,SANTA BARBARA,19,46,2.4,,,,,,,,,,,,,,,,,,13.2,73.7,5.3,,,,
52,BRAKKEPUT,176,387,2.2,81,24,71.6,4.4,71.3,28.7,28.8,19.9,51.3,2.4,69.3,6865,72,3.2,85,2.8,2.3,33,33.7,2.4,21.3,,,
53,BRAKKEPUT ABOU,175,425,2.4,95,23.1,67.8,9.2,53.8,46.2,46.3,21.9,31.8,6.4,58.7,10965,51,3.3,74,2.9,1.7,20.8,54.4,1.9,16.4,,,
54,SAVAAN JUAN ANTONIE (Juanota),19,45,2.4,,,,,,,,,,,,,,,,47.4,36.8,45.7,31.4,2.9,17.1,,,
55,ZWAAN,23,34,1.5,,,,,,,,,,,,,,,,4.3,95.7,34.4,31.3,6.3,25,,,
56,BRAKKEPUT ARIBA,62,187,2.3,104,27.3,60.4,12.3,57,43,43.2,20.5,36.2,2.2,43.6,9864,,,,,3.4,24.6,52.5,7.4,9.8,,,
57,SCHELPWIJK,382,966,2.5,78,15.1,67.8,17.1,74,26,26.1,28.2,45.7,6.9,72.8,7945,42,5.5,63.7,9.2,0.5,27.6,51.1,6.2,6.1,,,
58,BRAKKEPUT MEI MEI,3,4,1.3,,,,,,,,,,,,,,,,,,,,,,,,
59,BURUNDANGA,26,57,2.2,,,,,,,,,,,,,,,,11.5,,24.5,61.2,4.1,6.1,,,
60,SCHERPENHEUVEL,176,488,2.7,86,19.3,68.4,12.3,76.2,23.8,23.9,10.1,66,3.2,64.8,5393,42,8.4,63.9,8,10.4,41.6,35.3,6.5,11.3,,,
61,SELINDA,57,147,2.6,110,23.1,66.7,10.2,80.4,19.6,19.9,18.4,61.7,3.6,72.3,4129,,,,22.8,3.5,38.3,36.4,3.7,12.1,,,
62,CABO VERDE,265,784,3,81,16.2,75,8.8,78.6,21.4,21.5,19,59.5,2.2,60.9,6645,31,6.7,61,9.4,1.9,33.8,48.8,3.3,6.7,,,
63,SEMIKOK,137,371,2.7,79,23.2,68.2,8.6,67.7,32.3,32.5,21.1,46.3,6.9,63.4,7383,,8.9,71.2,7.3,5.2,31.1,53.2,2.9,7.1,,,
64,CAS CORA,188,467,2.5,82,20.1,61.5,18.4,64.8,35.2,35.2,28.9,35.9,7.6,63,7123,37,4.2,56.8,6.4,1.6,27.3,46.4,8.8,7.5,,,
65,SER'I DOMI,139,406,2.9,78,19.2,61.6,19.2,88.8,11.2,11.3,16,72.8,1.8,65.2,3514,56,17.6,45.1,42,0.7,57.1,16.5,6.7,12.7,,,
66,CAS GRANDI,355,952,2.7,88,18.7,73.2,8.1,68.3,31.7,31.8,24.5,43.7,3.6,60.5,8815,39,6,68.5,7,1.7,33.8,45.7,3.4,8.3,,,
67,HATO (geozone),16,45,2.8,,,,,,,,,,,,,,,,25,6.3,18.8,15.6,9.4,31.3,,,
68,CHANGO BIJ GROOT KWARTIER,45,109,2.4,95,16.5,69.7,13.8,66.1,33.9,34.3,26.9,38.9,1,61.9,7615,,,,15.6,,31.1,46.7,6.7,8.9,,,
69,SER'I PAPAYA,559,1779,3.2,66,30,64.6,5.4,93.2,6.8,6.9,12,81.2,1.8,57.9,3024,66,32.9,55.1,10.5,3.1,67.9,15.1,2.4,8.9,,,
70,CHANGO BIJ KORPORAAL,27,55,2,,,,,,,,,,,,,,,,11.1,,38.3,38.3,12.8,,,,
71,CHARO,491,1295,2.6,80,17.2,67,15.8,80.1,19.9,20,16.3,63.7,3.2,61.5,4732,43,10.9,57.6,48.7,11.3,43.7,28.2,7.5,12.8,,,
72,SERITU,96,260,2.7,78,17.3,59.2,23.5,60.4,39.6,39.6,33.1,27.3,7.6,68.5,8884,,4.4,62.8,8.3,2.1,25.1,52.6,8.5,4.7,,,
73,SERU MACHU,147,432,2.9,94,20.6,69,10.4,85.5,14.5,15.2,11,73.8,0.5,58.4,3293,50,14.4,60.6,19.7,16,46.8,25.2,6,16.2,,,
74,CHER ASILE,306,747,2.4,80,19.4,63.2,17.4,71,29,29.1,27.3,43.6,8.3,61.3,3429,45,10.7,57.5,7.2,8.2,46,27.9,7.4,10.1,,,
75,SERU MAHUMA (Romar),525,1532,2.9,83,20.6,71.3,8,75.8,24.2,24.2,21,54.8,5,63.1,6958,37,8.1,65.7,8,1,36.1,43.2,2.8,8.9,,,
76,COCORIE,93,274,2.9,81,22.3,66.8,10.9,81,19,19,15.3,65.7,1.8,60.8,3345,,9.8,62.4,4.3,8.7,43.4,32.7,3.4,12.2,,,
77,PARERAWIJK,160,401,2.5,81,16.7,66.6,16.7,73.2,26.8,27,22.7,50.4,3.6,63.2,4666,,14.2,54.8,10.7,12.6,52.6,27.7,4,7.6,,,
78,QUINTA,76,187,2.5,65,20.3,64.7,15,74.7,25.3,25.4,19.5,55.1,0.5,65.8,3244,,,,39.5,9.3,43.1,26.4,9.7,6.3,,,
79,COLON,70,192,2.7,79,14.6,65.1,20.3,74.3,25.7,25.7,31.4,42.9,3.3,66.7,5663,,,,31.9,2.9,35.9,41.7,7.7,7.7,,,
80,SERU PRETU BIJ JAN LUIS,100,271,2.7,79,20.7,66.4,12.9,82.3,17.7,17.7,10.7,71.6,0.4,78.5,3611,,6.8,61.9,11.1,14.1,37.2,36.7,3.4,15.9,,,
81,CONFIANSA,49,134,2.7,113,15.7,69.4,14.9,86.6,13.4,13.4,11.2,75.4,4,69.6,4422,,,,22.4,8.2,43.2,34.2,2.7,13.5,,,
82,SINIA THERESA,67,181,2.7,99,24.3,69.1,6.6,62.6,37.4,37.4,9.8,52.9,5.2,60,2964,,,,50.7,16.9,35.3,36.8,3,16.5,,,
83,SOLEDAD BIJ FRANCIA,38,116,3.1,87,22.4,57.8,19.8,66.4,33.6,33.6,17.2,49.1,5.2,75.9,9471,,,,,,22.5,51.7,5.6,14.6,,,
84,CONSTANCIA,50,119,2.4,105,16,66.4,17.6,73.1,26.9,26.9,20.2,52.9,8.9,63.4,3974,,,,30,6.1,38,40,7,3,,,
85,SOLEDAD BIJ JAN BOOS,75,186,2.5,77,19.4,55.9,24.7,74.6,25.4,25.5,18.5,56,6.3,56.8,4678,,,,10.8,5.3,30.8,43.2,6.2,8.9,,,
86,CONSTANCIA BIJ EENDRACHT,64,177,2.8,81,19.8,58.8,21.5,82.4,17.6,17.6,15.3,67,2.3,67.2,5278,,,,9.4,3.1,34.3,47.1,10,5.7,,,
87,SOLEDAD BIJ THORENQUEST,18,62,3.4,,,,,,,,,,,,,,,,72.2,9.1,43.2,31.8,2.3,18.2,,,
88,SOSIEGU BIJ MONTANA,34,101,2.6,,,,,,,,,,,,,,,,10.9,2.2,19.2,50,9,7.7,,,
89,SOSIEGU BIJ WATERLOO,33,100,3,,,,,,,,,,,,,,,,3,9.1,36,32,4,14.7,,,
90,CORONET,85,205,2.4,68,22,65.4,12.7,66.3,33.7,34,22,44,3.1,68,3279,,11.7,64.4,13.1,21.2,42.8,29.6,7.9,11.2,,,
91,SOTO,680,2233,3.3,90,22.5,65.5,12,90.9,9.1,9.1,5.8,85,2.3,61.6,4024,43,14.4,55.5,4.7,9.4,45.8,30.6,5.9,13.2,,,
92,ST. JACOB,501,1484,2.9,67,22.8,70.3,6.9,86.4,13.6,13.8,17.3,68.9,3.1,51,3578,81,15.5,58.2,18.2,1.4,53.3,26.2,3.7,9.1,,,
93,COSTA FIRMA,59,148,2.5,83,22.3,58.8,18.9,61.5,38.5,38.8,32.7,28.6,1.4,50.7,6540,,,,13.6,,27.9,47.7,8.1,9,,,
94,ST. JAGO,119,280,2.4,64,17.9,64.3,17.9,69.9,30.1,30.7,26.3,43.1,1.4,60.8,2816,,13.7,57,8.5,21.1,47.1,26.5,8.5,9.4,,,
95,DAMACOR,163,486,2.7,87,17.1,56.6,26.3,55.9,44.1,45.3,31.7,23,5.3,66.4,10769,,1.8,64.6,6.1,1.9,26.2,50.4,12.3,4.9,,,
96,ST. JANSBERG,164,403,2.5,77,14.1,66.7,19.1,75,25,25.1,22.1,52.9,5.9,70.4,6065,27,6.5,66.5,7.5,6.9,36,37.5,7.1,11.2,,,
97,DE KLUNDERT,59,170,2.9,85,24.1,72.9,2.9,75.3,24.7,24.7,17.1,58.2,1.2,79.8,5254,,,,20.3,5.1,33.3,45.2,2.4,12.7,,,
98,ST. THOMAS,42,105,2.5,94,14.3,62.9,22.9,80,20,20,13.3,66.7,4.8,67.3,4125,,,,11.9,,24.4,52.2,10,2.2,,,
99,ST. WILLIBRORDUS,240,588,2.5,85,19.2,64.6,16.2,63,37,37,9.5,53.5,6.9,69.2,10180,54,9.1,57.7,6.1,4.3,30.7,41.9,6.9,11.2,,,
100,DE SAVAAN,93,251,2.7,89,20.7,67.7,11.6,71.3,28.7,28.7,13.1,58.2,7,64.3,3812,,12.3,65.3,25.8,4.3,43.6,33.3,8.7,11.3,,,
101,STA. CATHARINA,320,862,2.7,99,22,72.2,5.8,65.5,34.5,34.5,25,40.5,6.9,55.2,8022,30,2.6,73.8,3.1,,26.3,52.2,2.1,13.3,,,
102,STA. HELENA,273,709,2.6,78,19.7,63.9,16.4,78,22,22.1,21.9,56,1.8,71,4014,63,14.2,57.1,73.9,7,44,27.2,7,10.8,,,
103,STA. MARIA,45,214,2.7,86,9.8,82.2,7.9,74.5,25.5,25.7,12.9,61.4,2.9,75.6,4829,,,,13.3,22.7,69.9,20.2,2.7,3.3,,,
104,DE SAVAAN (Volkswoningen),219,659,3,68,22.9,65.1,12,88.9,11.1,11.1,15.4,73.5,2.8,64.5,2710,53,22.2,53.1,13.8,1.4,58.7,23,4,8.3,,,
105,STEENRIJK,610,1604,2.6,82,18.3,64.3,17.3,74.3,25.7,25.8,24.4,49.8,10.1,58.4,4488,45,12.2,57,7.3,3.6,43.5,28.5,8.3,9.2,,,
106,DEIN,513,1289,2.5,93,18.9,68,13.2,53.3,46.7,46.8,26.5,26.7,1.7,52.3,3325,50,9.6,59.7,10.3,10.8,38.9,38.5,5.5,11,,,
107,STENEN KORAAL,870,2360,2.7,90,20.7,65.6,13.6,81.7,18.3,18.3,14.5,67.2,3.9,67.8,4395,38,9.8,59.1,10.8,9,39.6,33.3,6.6,12,,,
108,DOMI ABOU,202,485,2.4,84,16.7,66.8,16.5,69.4,30.6,30.7,22.8,46.5,1.9,72.8,3384,56,7.7,57.7,24.8,9.9,48.7,24.7,8.8,10.9,,,
109,SUCASA,99,230,2.3,92,15.2,70.9,13.9,78.2,21.8,21.8,15.3,62.9,5.8,55.6,3752,,9.2,61.5,85.9,6.1,48.7,26.5,8.5,8.5,,,
110,EENDRACHT,163,461,2.8,89,23.2,62.3,14.5,80.9,19.1,19.3,18.8,61.9,1.1,59.6,4029,63,7.8,57.6,26.1,8,38.8,38,6.7,9.3,,,
111,MUIZENBERG BIEU,169,429,2.5,100,13.5,61.3,25.2,74.9,25.1,25.1,25.3,49.6,2.9,63.1,4779,,9.5,53.9,7.7,4.7,33.9,37.4,10.7,8.5,,,
112,ESPERANSA BIJ SALSBACH  (Goede Hoop),293,769,2.5,91,14.6,63.8,21.6,69.9,30.1,30.3,24.5,45.2,2.6,75.7,6878,61,6.4,57.5,7.5,1,32.6,46.7,6.5,5.3,,,
113,TERA CORA,1208,3547,2.9,87,21,70.8,8.3,83.9,16.1,16.2,12.6,71.1,2.2,63.6,5398,54,9.7,63.6,4.1,2.5,38.4,41.1,4.1,9.9,,,
114,ESPERANZA BIJ HERST,54,132,2.4,78,15.9,68.9,15.2,77.3,22.7,22.7,27.3,50,11.3,62.1,6284,,,,1.9,7.4,38.9,39.8,5.6,5.6,,,
115,ESPERANZA BIJ MINGUELITO,39,98,2.5,,,,,,,,,,,,,,,,13.2,,22.8,49.4,3.8,10.1,,,
116,THORENQUEST,27,67,2.5,,,,,,,,,,,,,,,,74.1,20.8,44.4,29.6,5.6,7.4,,,
117,ESPERANZA BIJ WATERLOO,86,250,2.9,87,23.6,66,10.4,84.8,15.2,15.3,12.9,71.8,3.7,65.3,4113,,8.8,53.4,17.4,10.6,38.9,35.8,4.7,15.3,,,
118,"CHECHE (De Hoop)",30,74,2.5,,,,,,,,,,,,,,,,6.7,,27.3,47.3,7.3,10.9,,,
119,FANTANJA,17,46,2.7,,,,,,,,,,,,,,,,11.8,17.6,41,30.8,5.1,17.9,,,
120,TUCACAS,25,87,3.5,,,,,,,,,,,,,,,,,20,32.8,44.8,7.5,11.9,,,
121,FLEUR DE MARIE,74,156,2.1,93,15.4,64.1,20.5,52.6,47.4,48.7,27,24.3,2.7,71.4,2937,,,,12.7,31.5,39.8,35.2,5.5,9.4,,,
122,FORTUNA ABOU,105,250,2.4,112,19.2,64.8,16,83.1,16.9,16.9,11.2,71.9,5.3,72.8,3068,,10.5,61.4,13.5,9.8,47,33.5,3.5,10,,,
123,FORTUNA ARIBA,83,210,2.5,88,21,69,10,86.5,13.5,13.5,15.9,70.7,4.5,60.9,4691,,9.7,68.1,8.4,6,36.3,29.4,4.4,21.9,,,
124,FRANCIA,170,419,2.5,74,13.6,60.9,25.5,67.8,32.2,32.2,32.2,35.6,4.3,54.2,10134,,3.5,54.7,5.3,2.4,26.8,56.3,5.1,5.1,,,
125,FUIK,279,838,3,89,20.2,68.1,11.7,83.3,16.7,16.8,13,70.2,3.8,76.1,4570,18,12.1,60.7,8.4,10.2,43.8,32.8,4.9,14.3,,,
126,GATU,269,804,2.9,93,23.6,68,8.3,81.5,18.5,18.6,15.3,66.1,1.9,54.6,3414,75,12.7,64.7,21.6,8.4,36.2,40.4,2.5,11.9,,,
127,GIBRALTAR,138,430,3.1,71,24.2,69.8,6,87.4,12.6,12.6,15.2,72.2,4.3,64.3,3445,66,25.1,59.8,46.4,1.5,61.8,21.8,4.4,6,,,
128,GIROUETTE,159,434,2.7,91,27.6,62.7,9.7,61.9,38.1,38.2,34,27.8,12.5,43.5,9728,39,4,71,10.1,1.3,17.8,57.9,4.3,9.9,,,
129,GOEDE HOOP BIJ HULANDA,85,202,2.4,94,13.4,62.9,23.8,67.7,32.3,32.3,38.9,28.8,5.4,62.7,7620,,3,57.1,4.7,2.4,29.2,46.4,9.5,7.7,,,
130,GORA,78,183,2.3,74,15.3,69.4,15.3,72.7,27.3,27.3,12,60.7,2.8,58.8,4323,,15,64.5,20.5,9,43.8,35.3,4.6,8.5,,,
131,GRINOLI,31,72,2.3,,,,,,,,,,,,,,,,50,3.2,31.1,36.1,6.6,16.4,,,
132,GROOT DAVELAAR,57,140,2.5,67,10.7,62.9,26.4,60.7,39.3,39.6,28.8,31.7,2.9,69.6,7088,,,,5.4,8.8,40.7,39,13,1.6,,,
133,VAN ENGELEN,228,534,2.3,78,18.4,62,19.7,63.6,36.4,36.4,31.9,31.7,3.5,57.6,8520,61,4,62.4,8,0.9,21.9,52.6,9.1,8.4,,,
134,VEERIS,284,787,2.8,84,21.9,65.8,12.3,82.6,17.4,17.5,14.7,67.8,6.4,61.2,3991,25,12.7,58.7,72.7,12.4,39.7,33.4,7,11.9,,,
135,VERGENOEGING,57,177,3.1,79,23.2,61.6,15.3,83.1,16.9,16.9,18.6,64.4,5.7,58.6,4492,,,,8.8,3.5,31.8,41.7,6.8,17.4,,,
136,VERGENOEGING BIJ KOLONCHI,41,115,2.8,72,18.3,67.8,13.9,61.7,38.3,38.3,29.6,32.2,4.8,75,8346,,,,12.2,2.7,34.1,42.9,6.6,7.7,,,
137,VERS,97,283,2.9,78,22.6,62.2,15.2,82.9,17.1,17.1,12.9,70,7.3,67.9,3296,,10.9,54.3,54.6,9.4,47.6,30,5.7,10,,,
138,VETTER,59,139,2.4,96,20.1,66.9,12.9,77.5,22.5,22.5,15.9,61.6,1.5,56.2,3970,,,,10.5,10.2,44,32.1,7.3,10.1,,,
139,DOMINGUITO,469,1197,2.6,83,14.9,65.3,19.8,74.4,25.6,25.6,21.9,52.4,4.8,67.2,5225,43,5.8,56,5.3,6,38.2,32.2,9,11,,,
140,VREDENBERG BIJ KINTJAN,332,814,2.5,88,18.1,63.6,18.3,54.7,45.3,45.6,26.6,27.8,6.5,70.8,7026,30,4.8,59.7,8.5,2.7,30,49.6,6.8,7.8,,,
141,VREDENBERG BIJ STA. MARIA,162,433,2.6,80,15.2,60.5,24.2,76.7,23.3,23.4,15.2,61.4,2.3,70.4,5243,30,5.5,56.5,6.2,6.2,39.8,36.7,8.4,6.4,,,
142,KLEIN MARCHENA,203,510,2.5,88,17.6,71,11.4,82.3,17.7,17.7,18.7,63.5,1.8,69.6,3262,51,10.7,60.2,16.7,11.3,43.8,29.8,5.4,13.1,,,
143,WATERLOO,888,2521,2.8,87,25.4,71.1,3.5,70.8,29.2,29.3,22.3,48.4,6.2,60.6,8292,34,3.2,74.4,4.7,0.7,28,52.4,2.1,9.4,,,
144,GROOT KWARTIER ZUID,40,126,2.6,84,14.3,52.4,33.3,58.7,41.3,41.6,25.6,32.8,3.3,71.9,7241,,,,,1.8,28.6,48.6,11.4,4.8,,,
145,WAWU BIJ LUDUNU,38,123,3.2,78,17.1,67.5,15.4,89.4,10.6,10.6,7.3,82.1,1.6,66.4,4448,,,,42.1,5.3,51.5,33.7,4,7.9,,,
146,GROOT PISCADERA,240,749,2.7,94,12.4,78.4,9.2,72.1,27.9,28,18.2,53.8,14.1,60.2,8385,40,7.8,66.4,10.5,2.5,39.9,40.7,3.3,9.3,,,
147,GROTE BERG,289,841,2.9,94,26.4,68.7,4.9,60.8,39.2,39.4,16.7,43.9,14.4,53.7,9767,46,5.2,68.5,13.6,0.4,22.6,55.9,1.9,16,,,
148,HAMBER,20,60,3,,,,,,,,,,,,,,,,20,25,52.9,35.3,7.8,0,,,
149,HANENBERG,232,618,2.7,86,21.2,67.3,11.5,77.1,22.9,23,15.8,61.2,4.9,60.4,5833,30,7.8,66.1,6.1,3.5,34.6,39.3,5.1,13.2,,,
150,HARMONIE,63,159,2.5,94,19.5,65.4,15.1,85.5,14.5,14.6,8.2,77.2,1.3,59.7,3477,,,,3.2,7.9,44.8,32.8,6.4,11.2,,,
151,HOENDERBERG,111,280,2.5,67,18.2,73.6,8.2,81.1,18.9,19,22.2,58.8,3.5,60.2,7024,,2.5,69.4,6.4,,37.3,45.3,1.8,4.4,,,
152,WEIS,330,816,2.5,81,13.7,64.8,21.4,78.1,21.9,22,20.4,57.7,2,64.1,4401,46,7.6,56.4,10,4.3,36.6,36.9,8.8,8.7,,,
153,ILAND,56,152,2.7,88,20.4,62.5,17.1,64.5,35.5,35.5,27.6,36.8,0,81.1,6513,,,,1.8,3.6,31.7,43.3,6.7,12.5,,,
154,JAN BOOS,127,339,2.7,85,18.6,68.7,12.7,79.3,20.7,20.7,15.6,63.8,3.7,65.2,5142,,9.6,64.1,4.7,7.1,36.3,34.5,6.7,13.1,,,
155,QUINTA VIOLETA,152,395,2.6,95,21.5,67.6,10.9,56.5,43.5,43.7,33.8,22.6,1,65.4,4449,,5.7,67.4,13.2,16.7,28.7,44.3,6.2,13,,,
156,JAN SOFAT,219,580,2.6,95,20.7,64.7,14.7,47.6,52.4,52.6,30.1,17.2,6.7,71.6,11988,95,3.5,61.3,5.1,,15.5,63.6,4,11.5,,,
157,JAN THIEL,590,1490,2.5,87,21.3,68.9,9.7,55.4,44.6,44.6,26.4,29.1,9.2,61.4,11165,53,3.4,69.7,3.1,0.5,20.7,55.7,4.1,11.4,,,
158,JANCHI WEVER,22,58,2.6,,,,,,,,,,,,,,,,13.6,,23.9,69.6,0,4.3,,,
159,WELATINA,148,435,2.9,88,20.5,65.5,14,80.2,19.8,19.8,13.1,67.1,3.3,75.4,4204,43,13.5,59.8,34.5,9.7,48.5,25.9,7.4,11.8,,,
160,JANDORET,669,1841,2.8,78,18,67,15,84.5,15.5,15.6,11.8,72.7,2.8,68.3,4834,59,11.4,56.7,12.4,3.3,42.5,34,6,10.4,,,
161,HABAAI,75,407,2.2,65,6.4,28.5,65.1,77.3,22.7,30.1,17.6,52.3,2.3,84.4,5046,,,,83.5,2.2,47.5,17.7,17.9,5,,,
162,JANWE,70,183,2.6,93,13.7,66.7,19.7,67.6,32.4,32.4,26.4,41.2,9.3,66.3,6450,,,,12.9,1.4,30.1,44.9,9.6,7.7,,,
163,WELTEVREDEN,27,76,2.8,,,,,,,,,,,,,,,,18.5,14.8,42.4,35.6,3.4,15.3,,,
164,JENEFU,31,86,2.8,,,,,,,,,,,,,,,,38.7,6.5,59.7,27.8,4.2,5.6,,,
165,WESTPUNT,256,738,2.9,96,17.9,64.2,17.9,93.4,6.6,6.6,6.9,86.4,1.5,57.3,4213,20,14.8,51.2,6.1,1.6,44.4,33.6,8.7,6.4,,,
166,JONCHI,15,46,3.1,,,,,,,,,,,,,,,,6.7,,20,68.6,5.7,0,,,
167,WETO (Rehderslust),258,750,2.9,80,22.1,68,9.9,85.1,14.9,14.9,14.2,70.8,1.9,61,3769,53,11.5,65.2,8.9,4.7,43.8,32.5,6.3,8.6,,,
168,JONGBLOED,1246,3193,2.5,89,19.3,64.7,16,68.4,31.6,31.7,22,46.3,6.4,63.3,6414,51,7.2,62.1,6.4,4,31.6,43.7,6.6,9,,,
169,WISHI,328,841,2.6,75,20.5,66.9,12.6,69.5,30.5,30.7,17.4,52,6.7,54,2918,62,12.8,59.6,82.2,12.5,46.4,27.8,6.2,11.8,,,
170,JONISBERG,159,426,2.7,89,17.4,63.1,19.5,68.6,31.4,31.4,28.1,40.4,4.8,61.2,4720,36,6.2,55.1,5.1,8.8,40,38.8,6.4,5.5,,,
171,ZAKITO,98,228,2.3,93,14,64.5,21.5,58.8,41.2,41.2,17.5,41.2,8.1,59.5,9208,,,,60.2,8.3,35.1,43.3,6.2,7.7,,,
172,ZEELANDIA,88,135,1.5,39,6.7,37.8,55.6,63,37,37.3,32.8,29.9,0.7,67.9,5912,,,,5.7,,23,30.2,27.8,1.6,,,
173,JUAN BAEZA,180,444,2.5,91,21.8,66.2,11.9,69.4,30.6,30.8,16.4,52.8,3.5,63.2,3075,73,6,62,37.9,3.9,36.7,36.1,5.6,14.4,,,
174,ZEGU,65,192,3,76,17.7,70.3,12,81.8,18.2,18.5,12.2,69.3,6.7,58.3,3628,,,,35.4,11.1,33.3,42,6.7,14,,,
175,JUAN DOMINGO BIJ COLON,62,168,2.7,81,19.6,61.3,19,79.2,20.8,21,25.7,53.3,3.1,73.1,6839,,,,23,4.9,34.8,35.6,7.6,13.6,,,
176,JUAN DOMINGO BIJ MAHUMA,333,955,2.9,77,25.9,63.9,10.3,85.6,14.4,14.4,11.8,73.8,5.7,62.5,3808,57,11.2,61.9,16.3,19.2,41.8,35.2,4.2,12,,,
177,NOORD STA. ROSA,129,355,2.8,87,22,66.8,11.3,81.6,18.4,18.4,13,68.6,1.2,58.4,4113,59,11.8,61,3.1,8.6,39,35.3,5.6,10.8,,,
178,JUAN HATO,236,603,2.6,92,13.8,64.2,22.1,80.8,19.2,19.2,17.7,63.1,2.9,62.6,5302,69,7.2,56.2,8.5,4.3,36.1,37.3,11.1,8.8,,,
179,ZUURZAK,102,312,3.1,84,32.4,61.5,6.1,56.1,43.9,43.9,26.9,29.2,7.7,50.5,13179,,3.6,80.1,4.1,,12,67,1,17.2,,,
180,ZUURZAK BIJ BLOMONTE,44,119,2.7,70,19.3,69.7,10.9,78,22,22.2,24.8,53,2.7,58,5674,,,,9.1,,32.3,39.8,4.3,14,,,
181,JUANOTA,41,107,2.6,84,17.8,71,11.2,73.6,26.4,26.4,9.4,64.2,0,68.2,4629,,,,7.3,19.5,40,17.6,9.4,23.5,,,
182,SCHARLOO,23,53,2.3,,,,,,,,,,,,,,,,8.7,30.4,29.5,36.4,6.8,15.9,,,
183,JULIANADORP,393,1068,2.7,96,21.7,64,14.2,45,55,55,22.3,22.6,13.7,62.7,10937,27,4.1,58.5,31.9,0.8,17.7,62.6,4.5,9.3,,,
184,BATAVIERWIJK,30,71,2.4,,,,,,,,,,,,,,,,26.7,20,49.1,29.8,5.3,5.3,,,
185,KALABARI,92,230,2.5,70,18.7,60.4,20.9,80.4,19.6,19.6,15.7,64.8,3.1,60.4,4401,,13.9,54,5.4,5.5,36.6,34.4,10.8,11.3,,,
186,COCOWIJK,53,140,2.6,73,17.9,67.9,14.3,65.2,34.8,35.1,20.9,44,0.7,47,2655,,,,21.2,48.1,38.7,29.7,9.9,9.9,,,
187,KANGA,378,972,2.6,85,19.2,66.6,14.2,64.8,35.2,35.3,18.4,46.3,3.4,59.5,3113,50,9.3,60.4,7.9,7.4,41.2,35.4,6.1,10.6,,,
188,KAS CHIKITU,45,118,2.6,97,21.2,69.5,9.3,72.9,27.1,27.1,14.4,58.5,3.4,50,2372,,,,86.7,15.6,46.1,24.7,4.5,16.9,,,
189,RUST EN VREDE BIJ BRIEVENGAT,34,96,2.8,,,,,,,,,,,,,,,,5.9,,32.9,51.9,3.8,8.9,,,
190,KATOENTUIN,93,241,2.6,90,22.8,69.7,7.5,59.3,40.7,40.7,19.9,39.4,5.6,74.6,9547,,4.8,66.7,6.5,,18.3,53.3,6.7,14.4,,,
191,NORMANDIE,82,196,2.4,87,17.3,68.9,13.8,56.1,43.9,43.9,15.3,40.8,0.5,60.8,4709,,12.7,67.9,19.5,22.2,43.4,34.6,10.1,6.3,,,
192,KENT U ZELF,97,284,2.9,76,25,66.5,8.5,80.6,19.4,19.4,15.5,65,3.2,53.6,3643,,11.1,67.6,5.2,7.2,34,36.8,5.7,14.6,,,
193,BELLEVUE,32,65,2,,,,,,,,,,,,,,,,,6.3,29.3,34.5,5.2,13.8,,,
194,KINTJAN,100,231,2.3,76,14.3,63.6,22.1,60.8,39.2,39.2,23.8,37,4.2,62.3,7871,,11.1,63.6,7.1,3,30.6,45.6,6.2,5.7,,,
195,TONI KUNCHI,129,379,2.9,89,22.2,65.4,12.4,60.2,39.8,39.8,32.5,27.7,19,57,11732,,1.1,60.7,5.4,0.8,21.7,62.1,4.8,5.2,,,
196,KIRINDONGO ABOU,567,1768,3,82,21.5,71.4,7.1,85.4,14.6,14.6,12.3,73.1,1.4,62.7,3524,56,19,60.9,16,9.8,50,28.1,3.7,10.7,,,
197,VIVIR CONTENTO,72,175,2.4,86,24,57.7,18.3,80,20,20,24.6,55.4,0,75.9,3237,,,,5.6,11.4,49.6,21.4,6.1,13.7,,,
198,KLEIN DAVELAAR,44,104,2.4,76,18.3,60.6,21.2,54.8,45.2,45.2,32.7,22.1,4.9,44.7,6948,,,,16.3,2.3,26.5,39.8,9.6,12,,,
199,ROOI INDJAN,29,79,2.7,,,,,,,,,,,,,,,,13.8,6.9,52.9,23.5,7.8,5.9,,,
200,KLEIN KWARTIER,216,593,2.7,95,21.9,65.9,12.1,72.3,27.7,27.8,20,52.2,4,68.9,5524,42,9.2,66.3,9.8,13,31.9,44,4.6,11.3,,,
201,VERGENOEGD,24,74,3.1,,,,,,,,,,,,,,,,4.2,,39.3,44.3,4.9,8.2,,,
202,KLEIN ST. MICHIEL,461,1350,2.9,89,25.1,72.7,2.1,87,13,13,18.3,68.7,3.4,66.7,6879,35,4.9,74.8,55.6,1.1,35.8,45.1,1.3,10.3,,,
203,KOLONCHI,44,98,2.2,,,,,,,,,,,,,,,,4.5,,25.6,41.5,9.8,9.8,,,
204,TRAI SERU,343,884,2.6,81,22.4,67.1,10.5,76.5,23.5,23.6,18.5,58,3.8,64.8,6020,48,6.9,63.7,4.1,7.6,41.7,33.7,4.5,14.1,,,
205,KORAAL PARTIR,346,910,2.6,79,22.7,69,8.2,72.1,27.9,28,20.2,51.8,6.5,62.9,7493,49,4,74.1,6.1,1.5,26.5,43,2.8,14.2,,,
206,WELGELEGEN BIJ HABAAI,42,111,2.6,68,16.2,64.9,18.9,75.5,24.5,24.5,20,55.5,2.9,66.7,8338,,,,59.5,,27.5,50.5,5.5,6.6,,,
207,KORAAL SPECHT,883,3064,2.9,74,16.1,67.7,16.3,80.7,19.3,19.5,20,60.5,6.4,55.7,3976,47,19.5,48.6,14.9,5.4,52.7,23.9,7.2,9.5,,,
208,SCHOONEBOOM,22,61,2.8,,,,,,,,,,,,,,,,4.5,18.2,28.3,45.7,2.2,15.2,,,
209,HERST,64,144,2.3,80,16.7,61.8,21.5,63.9,36.1,36.1,25,38.9,12.2,56.8,6902,,,,4.7,1.6,30.2,37.1,6,12.9,,,
210,KORPORAAL,208,521,2.5,88,17.3,59.3,23.4,68.1,31.9,32.2,28.3,39.6,5.6,66.1,7771,75,3.3,55.5,1.9,1.5,25.1,51.8,6.6,9.4,,,
211,MONTE BELLO,91,206,2.3,82,18.4,60.2,21.4,55.7,44.3,44.6,21.8,33.7,0.5,54,4307,,,,22.2,17.8,42.3,29.4,7.4,13.5,,,
212,WANAPA,10,27,2.7,,,,,,,,,,,,,,,,10,,36.4,36.4,4.5,9.1,,,
213,KUDISHI,12,25,2.1,,,,,,,,,,,,,,,,,,4.3,65.2,8.7,13,,,
214,JAN LUIS,97,321,3.3,81,22.4,70.7,6.9,73.7,26.3,26.4,16.4,57.2,1.3,56.5,4040,,13.8,61,5.2,8.3,37.8,41.2,5.9,13,,,
215,KUNUKU GRANDI,52,136,2.6,92,16.9,73.5,9.6,77.2,22.8,22.8,16.2,61,1.5,64.4,5874,,,,1.9,17.3,49.1,26.8,6.3,8.9,,,
216,MONTAÑA REY,1287,3569,2.8,80,19.2,66.2,14.6,84.6,15.4,15.5,12.3,72.2,2.7,64.3,4384,38,9.3,60,12.3,6.3,42.2,33.8,5.9,9.9,,,
217,KUSTBATTERIJ,304,829,2.7,74,20.1,64.8,15.1,83.9,16.1,16.2,22.7,61.1,1.8,56,3405,24,18.7,52.6,7.2,2.6,54.5,24.4,5.2,6.5,,,
218,RECOMPENSA,283,782,2.8,80,18.7,67.1,14.2,78.5,21.5,21.7,13.7,64.6,3.4,56.1,5157,32,8.5,57.2,6.4,4.3,42,33.8,5.5,13.5,,,
219,KWARCHI,234,670,2.9,95,19.7,68.1,12.2,74,26,26,19.9,54,10.7,56,6943,28,7.5,62.3,4.3,3.9,33.3,45.5,5.2,8.6,,,
220,SABANA CRAS,166,450,2.7,89,18.4,66,15.6,85,15,15,9.6,75.4,3.5,73,4313,37,9.7,53.4,9.7,4.3,42.1,32.2,8.2,13,,,
221,LA FAMAWIJK,35,88,2.5,,,,,,,,,,,,,,,,20,5.7,46.4,15.9,5.8,18.8,,,
222,SERU GRANDI (Sabana Baka),213,557,2.6,83,18.7,68.6,12.7,87.5,12.5,12.5,10.1,77.4,1.7,66.2,3890,27,10.9,60.9,10.5,9.6,38.3,34.4,6.7,11.5,,,
223,LABADERA,27,71,2.6,,,,,,,,,,,,,,,,,,18.2,60,5.5,9.1,,,
224,CHRISTOFFEL (geozone),8,40,5,,,,,,,,,,,,,,,,,,38.7,48.4,3.2,3.2,,,
225,WEST GROOT ST. JORIS,10,26,2.6,,,,,,,,,,,,,,,,10,10,20,60,5,15,,,
226,AMERIKANENKAMP (Dulce Esperansa),157,394,2.5,74,17.5,62.9,19.5,76.1,23.9,23.9,25.2,50.9,5.1,68.5,4977,,10.2,57.5,9.6,4.5,37.5,35.9,6,8.9,,,
227,LANG LEVEN (Langule),43,117,2.7,89,25.6,69.2,5.1,66.1,33.9,33.9,20.9,45.2,10.9,60.9,5749,,,,2.4,,23.2,52.4,2.4,12.2,,,
228,LIBIE,57,138,2.4,106,18.1,66.7,15.2,86.2,13.8,13.8,14.5,71.7,4.6,75.4,3879,,,,5.3,12.3,32.7,38.2,5.5,10.9,,,
229,KORTIJN,28,55,2,,,,,,,,,,,,,,,,29.6,29.6,55.3,19.1,6.4,8.5,,,
230,LIJSJE,27,70,2.6,,,,,,,,,,,,,,,,,7.7,50,25,6.7,8.3,,,
231,PANAMA,24,59,2.5,,,,,,,,,,,,,,,,37.5,,38,38,12,2,,,
232,HULANDA BIJ SERU OTROBANDA,69,189,2.3,76,13.8,71.4,14.8,71.4,28.6,28.9,19.3,51.9,3.8,58.8,3523,,,,32.4,15.2,37.3,28.6,6.8,14.3,,,
233,LUDUNU,39,110,2.8,83,24.5,60.9,14.5,92.7,7.3,7.3,3.6,89.1,2.9,84.8,4444,,,,25.6,23.1,40,28.8,6.3,17.5,,,
234,LUIS PAULA,164,422,2.4,84,13.7,74.9,11.4,65.4,34.6,34.8,13.6,51.6,3.2,68.9,3624,54,9,62.8,8,5.5,48.4,28,5.2,12.4,,,
235,RIF BIJ OTROBANDA,144,288,2,61,14.2,66.3,19.4,71.4,28.6,28.7,19.2,52.1,1.4,70,3013,,13.5,57.1,18.3,3.7,55.3,18.1,5.9,10.5,,,
236,MA LOUISA,59,143,2.4,104,17.5,69.9,12.6,84.5,15.5,15.5,8.5,76.1,6.6,63.2,3613,,,,6.8,12.3,31.6,44.7,3.5,11.4,,,
237,WEIS AFO,44,114,2.6,73,14.9,64.9,20.2,46.5,53.5,54.5,24.1,21.4,17.8,54.2,2917,,,,9.1,4.5,36.8,41.1,4.2,8.4,,,
238,MADURO,43,127,3,84,28.3,58.3,13.4,75.6,24.4,24.4,15,60.6,0.8,96.7,3590,,,,23.3,7,26.7,38.9,6.7,12.2,,,
239,SAN FUEGO,40,101,2.5,74,16.8,65.3,17.8,73.3,26.7,26.7,26.7,46.5,,,6920,,,,7.5,7.5,28.4,43.2,7.4,4.9,,,
240,MAHAAI,152,389,2.6,80,21.1,61.2,17.7,51.3,48.7,48.8,30.3,20.9,8.9,60.5,12358,,5,65.1,7.9,1.3,23.7,53,7.3,6,,,
241,NABIJ VETTER,65,192,3,100,24.5,71.9,3.6,78.6,21.4,21.4,22.4,56.3,5.1,57.3,7084,,2.8,73.1,7.7,1.5,23.1,43.3,0.7,20.1,,,
242,MAHUMA,1274,3446,2.7,88,18,66.3,15.7,80.9,19.1,19.1,14.2,66.6,3.5,65.8,5125,34,8.2,57.9,10.1,3.5,35.4,40.9,6,10.2,,,
243,NOORD ZAPATEER,830,2401,2.9,80,20.7,70.4,8.9,84.7,15.3,15.4,15,69.7,3.6,58.5,4720,40,13.4,61.9,12.1,4.1,45,33.4,2.6,10.1,,,
244,ZUID ABRAHAMSZ,50,152,3,90,22.4,72.4,5.3,77,23,23,15.1,61.8,6.6,50.3,3781,,,,8,12,36,27.2,6.1,24.6,,,
245,MANGUSA,28,60,2.1,,,,,,,,,,,,,,,,14.3,,23.6,54.5,3.6,7.3,,,
246,MARCHENA,236,584,2.5,79,19,67.5,13.5,70.8,29.2,29.2,14.6,56.2,2.6,80.4,3454,27,10.2,62.2,84.7,19.1,47.7,25.2,6.1,14.2,,,
247,NABIJ STA. ROSA,117,304,2.6,89,19.4,67.4,13.2,84.2,15.8,15.8,8.6,75.7,2,57.4,5476,,8.5,62.4,2.6,9.4,44,34.2,7.4,6.6,,,
248,ZAPATEER ZUID,186,487,2.6,77,28.3,69,2.7,79.1,20.9,20.9,22.3,56.8,7.3,50.6,7103,29,6.5,79.9,3.8,,34.1,42.6,3.2,13.2,,,
249,MARIA MAGDALENA,52,150,2.9,76,16,70.7,13.3,86.7,13.3,13.4,21.5,65.1,7.6,75.9,3879,,,,23.5,23.1,49.2,30.6,2.4,8.1,,,
250,SALIÑA,151,361,2.4,88,18.6,63.2,18.3,62.7,37.3,37.3,24.5,38.2,1.4,69.1,4000,,11,65,11.4,2.7,34.4,35.8,7,15.1,,,
251,MARIE PAMPOEN,547,1319,2.4,82,15.6,65.6,18.8,75.5,24.5,24.6,22.2,53.2,3.2,66.1,4698,42,11.2,53.6,4.1,1.8,44.6,26.6,10,9.5,,,
252,SER'I KANDELA,508,1376,2.7,90,23.3,72.2,4.4,63.6,36.4,36.5,17.1,46.4,2.8,59,3951,64,9.7,75,8.9,12.1,39.1,30.6,2.7,17.8,,,
253,MATANCIA BIJ GROOT KWARTIER,151,419,2.8,86,17.4,63.5,19.1,63.6,36.4,36.5,31.3,32.2,8.6,67.3,9933,19,3.5,58.4,4.7,3.4,24.9,58.2,3.9,8.3,,,
254,MINA SCHARBAAI,12,41,3.4,,,,,,,,,,,,,,,,83.3,54.5,45.2,29,9.7,12.9,,,
255,SOUAX-WEST,526,1516,2.8,90,21.6,69.5,8.9,82.7,17.3,17.4,12.6,70,1.6,67.9,4173,41,11.2,65,13.2,13.4,38.4,34.4,5.5,15.5,,,
256,SOUAX-OOST,517,1418,2.7,93,19.8,71.8,8.4,79.5,20.5,20.6,13.9,65.5,2.3,64.6,4092,49,9.8,63.5,8.2,9.6,38.6,35.9,3.4,15.8,,,
257,MINGUELITO,165,426,2.6,84,22.3,66.9,10.8,77.2,22.8,22.8,13.6,63.5,1.7,69.1,5360,74,8.1,71,8.6,6.7,35.5,39.5,3.7,14.2,,,
258,MIRLA PLATE,59,163,2.8,94,19,68.7,12.3,82,18,18.1,13.8,68.1,1.9,90.6,2933,,,,81.4,16.9,54.8,27.8,4.8,7.9,,,
259,NIEUW NEDERLAND,124,276,2.2,69,20.3,63.4,16.3,60.9,39.1,39.6,27.8,32.6,1.8,66.2,2802,,13.4,57.7,17.7,14.6,50.2,25.3,6.9,8.8,,,
260,LAGUN,116,321,2.8,86,16.5,64.8,18.7,91.9,8.1,8.2,5,86.8,0.6,58.2,3690,,6.1,55.2,3.9,1.7,42.8,40.1,7.8,5.8,,,
261,MON REPOS,93,270,2.6,80,14.4,69.3,16.3,77,23,23,24.8,52.2,1.9,78.9,6458,,7.6,59.3,9.6,6.5,41.3,43.9,3.5,3.5,,,
262,TERA PRETU (geozone),88,271,3.1,98,23.2,61.3,15.5,88.5,11.5,11.5,10.7,77.8,3.7,68.1,3329,,20,62.5,1.1,4.6,46.8,39,6.8,4.9,,,
263,MONCHI,179,500,2.8,84,21.4,68.6,10,83.5,16.5,16.5,11.7,71.8,0.2,60.1,3614,51,13,60.6,5.6,10.7,42.5,34.4,5.8,9.4,,,
264,MONTAÑA ABOU,1039,2942,2.8,74,20.7,71.3,8,82.5,17.5,17.5,17.2,65.2,3.5,61.3,4653,45,13.7,64.8,7.4,3.9,44.8,33.6,4.5,8.9,,,
265,FLIP (geozone),190,601,3.2,81,18.5,66.6,15,91.4,8.6,8.6,5.7,85.7,3,61.6,3435,13,25.1,48,10.2,11.6,44.9,34.8,6.1,8,,,
266,LELIENBERG (geozone),370,1101,3,98,18.3,63.9,17.8,95.3,4.7,4.7,4.5,90.7,0.9,68.3,4156,38,9.9,52.6,5.4,8.1,44.2,31.7,9.3,10.1,,,
267,PANNEKOEK (geozone),139,365,2.6,94,15.1,65.8,19.2,82.9,17.1,17.1,4.8,78.2,2,61.2,5322,,10.3,50,0.7,2.9,38.5,42.1,7.4,5.4,,,
268,BARBER,784,2412,3.1,81,21.9,63.3,14.8,92.7,7.3,7.3,6.4,86.3,1.9,61.3,4358,52,10.6,56.3,4.4,4.2,41,38.1,5.9,9.1,,,
269,SERU FORTUNA,281,826,2.9,83,25.3,67.7,7,89.3,10.7,10.7,14.6,74.7,2.9,55.2,3900,42,13.8,69,4.3,4.6,47,30.5,2.5,12.8,,,
270,GAITU,67,168,2.5,66,17.9,52.4,29.8,58.3,41.7,41.7,31,27.4,8.8,64.4,11558,,,,13.4,,23.7,51.9,12.6,2.2,,,
271,EMMASTAD,252,738,2.6,87,19.5,63.7,16.8,59,41,41.2,26.2,32.6,3.1,60.1,9602,76,5,60.9,17.3,4.5,32.6,51.2,7.5,3.8,,,
272,SANS SOUCI,122,269,2.2,66,17.8,72.1,10,68.8,31.2,31.2,10.8,58,2.7,63.2,2853,,14.5,62.4,78.7,19,50.7,30.6,5,9.6,,,
273,ASIENTO (geozone),0,0,,,,,,,,,,,,,,,,,,,,,,,,,
274,NIEUWE HAVEN (geozone),0,0,,,,,,,,,,,,,,,,,,,,,,,,,
275,KORAAL TABAK,0,0,,,,,,,,,,,,,,,,,,,,,,,,,
276,PUNDA,,,,,,,,,,,,,,,,,,,,,,,,,,,
277,MONTE CARMELO,179,417,2.3,77,18.9,66.4,14.6,55.7,44.3,44.5,31.6,23.8,5.4,64.5,2899,37,8.2,65.1,10.7,16.9,35.3,29.9,10,15.4,,,
278,NOORDKANT (Rancho),0,0,,,,,,,,,,,,,,,,,,,,,,,,,
279,MONTE VERDE,223,591,2.6,78,20.3,66.8,12.9,64.6,35.4,35.7,27.8,36.5,1.1,61.5,3091,37,15.1,61.6,5.8,15.5,48.3,24.6,6.1,14.1,,,
280,MUIZENBERG NOBO,467,1266,2.6,81,15.6,68.2,16.2,81.3,18.7,18.8,17.8,63.4,2.1,66.7,5140,31,9.7,52.2,11.4,3.1,36.7,42.7,5.5,8.3,,,
281,MUNDO NOBO,250,613,2.5,75,18.6,65.9,15.5,75.2,24.8,24.9,19.1,56,1.7,50,4270,39,8.5,58.9,30,7.6,42.4,31.6,6.3,9.2,,,
282,STA. ROSA,582,1683,2.6,83,20.8,62.4,16.8,79.4,20.6,20.7,17.1,62.2,2.4,63.6,4971,66,8.8,61.8,5.2,4.7,37.9,37.9,6.5,8.8,,,
283,NANIE,98,246,2.5,102,20.3,61.4,18.3,77.6,22.4,22.4,18.4,59.2,2,55.1,4887,,7.8,59.2,7.1,7.1,31.8,41.7,8.3,12,,,
284,ZEEWIJK/PEN,70,182,2.5,74,14.3,61,24.7,59.1,40.9,41.1,17.8,41.1,13.9,67.6,8164,,,,6.4,5,35.5,38.8,7.2,8.6,,,
285,NOOIT GEDACHT,124,338,2.6,88,15.4,59.8,24.9,77,23,23,21.2,55.8,2.1,69.6,4614,,11,56.4,9.7,8.9,38.9,38.2,7.1,8.9,,,
286,NOORWEGEN,139,335,2.3,79,12.2,66.6,21.2,68,32,32.2,22,45.8,1.8,62.6,5262,,10.2,59.6,13,7.2,34,37.5,11,7.2,,,
287,ONVERWACHT,98,250,2.6,81,15.6,70.8,13.6,76.8,23.2,23.2,28,48.8,2.1,70.4,4816,,11.4,62.6,14.3,10.4,39.6,32.4,7.7,12.6,,,
288,OUDEWATER,274,779,2.8,94,19.9,71,9.1,81.4,18.6,18.7,14.8,66.6,3.5,63.1,5753,60,11.3,60.7,10.6,7,37.5,35.5,4.9,14,,,
289,SAN MATEO,76,164,2.2,62,11.6,65.2,23.2,62.7,37.3,37.3,22.4,40.4,8.3,59.2,5267,,,,35.5,17.1,38.8,30.9,7.2,15.1,,,
290,PAPAYA ABOU,39,122,3.1,74,27.9,65.6,6.6,81.1,18.9,19,13.2,67.8,0.9,49.6,3994,,,,5.1,7.7,55.8,24.4,7,7,,,
291,PARADIJS,36,117,3.3,89,29.9,59,11.1,77.8,22.2,22.2,21.4,56.4,2.6,55.7,5112,,,,63.9,6.1,36.6,34.1,7.3,17.1,,,
